Id,Parametr,Obniżony parametr ⬇︎,Podwyższony parametr ⬆︎
36,A/G,"```html
<p>Stosunek albumin do globulin (A/G) jest miarą ilości albumin w surowicy podzielonej przez globuliny. Ten stosunek jest używany do identyfikacji przyczyn zmian w białku całkowitym surowicy.</p>

<h4>Obniżony Stosunek Albumin:Globulin</h4>

<h4>Przyczyny obniżenia stosunku A/G:</h4>
<ul>
    <li>Zmniejszona produkcja albumin bez zmniejszenia globulin:
        <ul>
            <li>Choroby wątroby, przewlekła ciężka choroba wątroby z utratą funkcji.</li>
            <li>Zespolenie wrotno-oboczne (PSS).</li>
            <li>Zapalenie (albumina jako białko fazy ostrej ujemnej).</li>
            <li>Kompensacyjnie (przy hiperglobulinemii).</li>
            <li>U noworodków.</li>
            <li>Niedożywienie, niedobory pokarmowe.</li>
            <li>Ciężka infestacja pasożytami jelitowymi.</li>
        </ul>
    </li>
    <li>Zwiększona utrata albumin:
        <ul>
            <li>Nefropatia białkogubna (PLN).</li>
            <li>Niedoczynność kory nadnerczy.</li>
            <li>Enteropatia białkogubna (PLE).</li>
            <li>Dermatopatia białkogubna.</li>
        </ul>
    </li>
    <li>Zwiększone globuliny bez zwiększenia albumin:
        <ul>
            <li>Zapalenie.</li>
            <li>Przewlekłe choroby zapalne lub autoimmunologiczne (np. zapalenie jamy ustnej).</li>
            <li>Zakażenia (np. zakaźne zapalenie otrzewnej u kotów [FIP], erlichioza, przewlekła ropowica skóry, ektopasożyty).</li>
            <li>Nowotwory, np. szpiczak mnogi, chłoniak z komórek B).</li>
            <li>Zaawansowana ciąża.</li>
            <li>Laktacja.</li>
        </ul>
    </li>
</ul>
```","```html
<p>Podwyższony stosunek albumin do globulin (A/G) w surowicy może występować w różnych stanach klinicznych i jest zwykle efektem albo zwiększonego poziomu albumin, albo zmniejszonego poziomu globulin.</p>
<ul>
    <li>Artefakt (hemoliza)</li>
    <li>Zmniejszenie globulin bez albumin (niedobory, gammopatia monoklonalna)</li>
    <li>Wzrost albumin (odwodnienie)</li>
</ul>
```"
23,Albuminy,"```html
<ol>
    <li>Choroby wątroby.</li>
    <li>Choroby nerek (np. kłębuszkowe zapalenie nerek, przewlekła niewydolność nerek lub zespół nerczycowy).</li>
    <li>Niedożywienie.</li>
    <li>Choroba przewodu pokarmowego: np. jak choroba zapalna jelit (IBD), tasiemczyca, zapalenie jelit lub guzy nowotworowe.</li>
    <li>Zapalenie trzustki.</li>
    <li>Ciężkie oparzenia lub choroby skóry.</li>
    <li>Krwotok.</li>
    <li>Choroby przewlekłe.</li>
    <li>Niewydolność serca.</li>
    <li>Enteropatia białkogubna (PLE).</li>
    <li>Choroby autoimmunologiczne np. toczeń układowy.</li>
    <li>Posocznica.</li>
    <li>Nadczynność tarczycy.</li>
</ol>
```","```html
<ol>
    <li>Odwodnienie</li>
    <li>Choroby wątroby</li>
    <li>Choroby nerek</li>
    <li>Zapalenie</li>
    <li>Zakażenia</li>
    <li>niektóre nowotwory</li>
</ol>
```"
16,Aminotransferaza alaninowa (ALT),"```html
<p>U psów i kotów obniżone poziomy ALT mogą wskazywać na różne stany, jednak ogólnie ALT jest sprawdzane w celu wykrycia podwyższenia, co może wskazywać na uszkodzenie wątroby. Rzadko dochodzi do obniżenia poziomu ALT i zazwyczaj nie powoduje to znaczących problemów. Potencjalne stany mogą obejmować:</p>
<ol>
    <li>Niedobory pokarmowe</li>
    <li>Niedoczynność tarczycy</li>
    <li>Przewlekła choroba nerek.</li>
    <li>Ciężka choroba wątroby lub niewydolność wątroby.</li>
    <li>Pewne leki.</li>
    <li>Wrodzone zespolenie wrotno-oboczne.</li>
</ol>
```","```html
<ol>
    <li>Choroba wątroby (anomalie naczyniowe, nowotwór, hipoplazja żyły wrotnej)</li>
    <li>Zapalenie wątroby (pierwotne lub infekcja np. leptospiroza, FIP, bakteryjne zakażenie dróg żółciowych)</li>
    <li>Zapalenie trzustki</li>
    <li>Choroba pęcherzyka żółciowego</li>
    <li>Pewne leki lub toksyny (np. NLPZ, metimazol, fenobarbital)</li>
    <li>Choroby metaboliczne np. nadczynność kory nadnerczy, nadczynność tarczycy, cukrzyca, stłuszczenie wątroby</li>
    <li>Ciężkie miopatie</li>
    <li>Choroby dziedziczne (np. spichrzeniowa miedzi u Bedlington terrierów, lizosomalna)</li>
    <li>Niedotlenienie lub niedokrwienie wątroby (np. ciężka anemia, wstrząs, zastoinowa niewydolność serca)</li>
</ol>
```"
18,Aminotransferaza asparaginianowa (AST),"<p>Bez znaczenia klinicznego.</p>
<h4>Niektórze potencjalne (ale mniej powszechne) różnicowe rozpoznania mogą obejmować:</h4>
<ol>
    <li>Ciężka utrata masy mięśniowej lub zanik mięśni</li>
    <li>Niektóre zaburzenia metaboliczne</li>
    <li>Miastenia gravis</li>
    <li>Dystrofia mięśniowa</li>
</ol>","```html
<ol>
    <li>Zapalenie (przewlekłe zapalenie wątroby, zapalenie trzustki, marskość wątroby)</li>
    <li>Zakażenie (leptospiroza, FIP, bakteryjne zap. dróg żółciowych i wątroby, histoplazmoza, choroba Rubartha)</li>
    <li>Leki i zatrucia (NLPZ, fenobrabital, sterydy)</li>
    <li>Niedokrwienie i niedotlenienie wątroby (Nadczynność tarczycy, stłuszczenie wątroby, cukrzyca, kwasica ketonowa)</li>
    <li>Uraz.</li>
    <li>Nowotwór</li>
</ol>
```"
29,Amylaza,"```html
<ol>
    <li>Zewnątrzwydzielnicza niewydolność trzustki.</li>
    <li>Niedożywienie.</li>
    <li>Choroba wątroby.</li>
    <li>Przewlekła choroba nerek.</li>
    <li>Choroby układu pokarmowego.</li>
    <li>Niedoczynność nadnerczy.</li>
    <li>Niektóre leki.</li>
    <li>Zespoły złego wchłaniania.</li>
    <li>Zaburzenia genetyczne.</li>
    <li>Zapalenie trzustki (przewlekłe).</li>
    <li>Guzy zewnątrzwydzielnicze trzustki.</li>
    <li>Nadczynność tarczycy.</li>
</ol>
```","```html
<ol>
    <li>Zapalenie trzustki,</li>
    <li>Choroba nerek,</li>
    <li>Niedrożność przewodu pokarmowego,</li>
    <li>Choroba wątroby,</li>
    <li>Cukrzyca</li>
</ol>
```"
19,Azot mocznikowy we krwi (BUN),"```html
<ol>
    <li>Niedożywienie lub niewystarczające spożycie białka</li>
    <li>Choroba/wada wrodzona wątroby</li>
    <li>Ciężka choroba przewodu pokarmowego, która hamuje wchłanianie składników odżywczych</li>
    <li>Nadmierne nawodnienie lub nadmierne spożycie płynów</li>
    <li>Wrodzone zespolenie wrotno-oboczne</li>
    <li>Ostre zapalenie trzustki</li>
    <li>Niedoczynność kory nadnerczy</li>
    <li>Nowotwór</li>
    <li>Ciąża</li>
    <li>Zespoły złego wchłaniania</li>
    <li>Nadczynność tarczycy</li>
    <li>Cukrzyca</li>
    <li>Ciężka infekcja lub posocznica</li>
    <li>Dysfunkcja kanalików nerkowych</li>
    <li>Kwasica metaboliczna</li>
    <li>Wzrost (u młodych zwierząt)</li>
    <li>Stan hipermetaboliczny (ze względu na stres, infekcję lub inne przyczyny)</li>
    <li>Młody wiek (szczenięta i kocięta mają naturalnie niższe stężenie azotu mocznikowego niż dorośli)</li>
    <li>Ropomacicze (u suk)</li>
    <li>Wrodzone anomalie naczyniowe</li>
    <li>Stosowanie kortykosteroidów</li>
    <li>Krwawienie w przewodzie pokarmowym (utrata krwi może rozcieńczyć azot mocznikowy)</li>
    <li>Zaawansowana choroba wątroby</li>
    <li>Podawanie płynów w trakcie leczenia</li>
    <li>Choroby nerek, które powodują polidypsję i poliurię</li>
    <li>Po posiłku</li>
    <li>Długotrwała anoreksja</li>
    <li>Ostre zapalenie nerek</li>
</ol>
```","```html
<h4>Przyczyny nerkowe</h4>
<ul>
    <li>Zakażenie (odmiedniczkowe, leptospiroza, borelioza)</li>
    <li>Zapalne (np. kłębuszkowe zapalenie nerek, cewkowo-śródmiąższowe zapalenie nerek)</li>
    <li>Zatrucie (np. NLPZ, glikol etylenowy)</li>
    <li>Nowotwór</li>
    <li>Amyloidoza</li>
    <li>Niedokrwienie</li>
    <li>Wrodzona choroba nerek (np. wielotorbielowatość, dysplazja)</li>
</ul>

<h4>Przyczyny przednerkowe</h4>
<ul>
    <li>Odwodnienie</li>
    <li>Krwawienie w ukł. pokarmowym</li>
    <li>Gorączka</li>
    <li>Uraz</li>
    <li>Wysokobiałkowy posiłek</li>
    <li>Krwotok/hipowolemia</li>
    <li>Zastoinowa niewydolność serca</li>
    <li>Niedoczynność kory nadnerczy (choroba Addisona)</li>
</ul>

<h4>Zanerkowe</h4>
<ul>
    <li>Uroabdomen</li>
    <li>Niedrożność moczowodu lub cewki moczowej</li>
</ul>
```"
13,Bazofile,"```html
<ol>
    <li><strong>Infekcje wirusowe:</strong> Infekcje wirusowe takie jak parwowiroza, FIV, FeLV.</li>
    <li><strong>Infekcje bakteryjne:</strong> np. ropomacicze u psów i kotów, hemobartoneloza u kotów, lub leptospiroza u psów.</li>
    <li><strong>Leczenie kortykosteroidami:</strong> Zarówno terapia, jak i nadmierne uwalnianie z nadnerczy.</li>
    <li><strong>Choroby pierwotne szpiku kostnego.</strong></li>
    <li><strong>Ciężkie reakcje alergiczne/anafilaksja.</strong></li>
    <li><strong>Przewlekła choroba ogólnoustrojowa:</strong> np. choroba wątroby, niewydolność nerek lub proces nowotworowy.</li>
    <li><strong>Nadczynność tarczycy.</strong></li>
    <li><strong>Endotoksemia.</strong></li>
    <li><strong>Szczepienia.</strong></li>
</ol>
<p><strong>Uwaga:</strong> Liczba bazofili może naturalnie obniżać się w odpowiedzi na różne choroby, ale często jest trudna do interpretacji ze względu na ich normalnie niską liczbę we krwi.</p>
```","```html
<ol>
    <li>Alergie</li>
    <li>Zakażenia pasożytnicze</li>
    <li>Przewlekłe choroby zapalne</li>
    <li>Niedoczynność tarczycy</li>
    <li>Pewne rodzaje nowotworów (np. chłoniak)</li>
    <li>Zaburzenia autoimmunologiczne</li>
    <li>Nadczynność kory nadnerczy</li>
    <li>Pewne leki lub reakcje na leki</li>
    <li>Ziarniniak eozynofilowy</li>
</ol>
```"
22,Białko całkowite,"```html
<ol>
    <li>Choroba wątroby (np. zespolenie, przewlekłe zapalenie)</li>
    <li>Choroba nerek</li>
    <li>Niedożywienie lub złe wchłanianie</li>
    <li>Przewlekłe zapalenie</li>
    <li>Enteropatia białkogubna lub limfangiektazja</li>
    <li>Nefropatia białkogubna</li>
    <li>Infekcje pasożytnicze</li>
    <li>Zewnątrzwydzielnicza niewydolność lub zapalenie trzustki</li>
    <li>Zaburzenia układu immunologicznego</li>
    <li>Zaburzenia przewodu pokarmowego</li>
    <li>Zastoinowa niewydolność serca</li>
    <li>Krwotok</li>
    <li>Zapalenie otrzewnej lub opłucnej</li>
    <li>Niedoczynność kory nadnerczy</li>
    <li>Przewodnienie</li>
    <li>Hipowolemia</li>
</ol>
```","```html
<ol>
    <li>Odwodnienie</li>
    <li>Zapalenie lub infekcja (FIP, ehrlichia, przewlekłe ropne zapalenie skóry, pasożyty zewnętrzne)</li>
    <li>Choroby wątroby</li>
    <li>Niektóre rodzaje nowotworów (szpiczak mnogi, chłoniak z komórek B)</li>
    <li>Choroby autoimmunologiczne</li>
    <li>Artefakt (lipemia, hemoliza)</li>
</ol>
```"
33,Białko C-reaktywne (CRP),"<p>Białko C-reaktywne (CRP) jest zwykle używane jako wskaźnik stanu zapalnego lub infekcji u psów. Spadek poziomu CRP zazwyczaj jest uważany za normalny lub pożądany, ponieważ biologicznie oznacza zmniejszenie stanu zapalnego lub wyzdrowienie po infekcji u zwierzęcia. Dlatego zazwyczaj nie jest stosowane jako narzędzie diagnostyczne do wykrywania jakiejkolwiek choroby, gdy jego poziom jest obniżony.</p>

<p>Mimo to, ogólnie rzecz biorąc, zmniejszone CRP może być możliwie związane z:</p>
<ol>
    <li>Zanik stanu zapalnego</li>
    <li>Wyzdrowienie po infekcjach bakteryjnych lub grzybiczych</li>
    <li>Skuteczne leczenie przeciwzapalne</li>
    <li>Dobry ogólny stan zdrowia</li>
    <li>Pomyślne wyzdrowienie po operacji</li>
    <li>Remisja nowotworu</li>
</ol>","```html
<ol>
    <li>Zakażenia bakteryjne lub grzybicze</li>
    <li>Przewlekłe i ostre stany zapalne, takie jak zapalenie trzustki lub choroba zapalna jelit</li>
    <li>Choroby autoimmunologiczne</li>
    <li>Guzy lub nowotwory</li>
    <li>Urazy lub obrażenia</li>
    <li>Zapalenie pooperacyjne</li>
    <li>Choroba serca</li>
    <li>Zakażenia nerek lub dróg moczowych</li>
    <li>Określone leki lub reakcje na leki.</li>
</ol>
```"
27,Bilirubina,"<p>Obniżony poziomy bilirubiny u psów i kotów jest rzadki i zazwyczaj nie stanowią powodu do niepokoju. Bilirubina u zdrowych zwierząt jest zazwyczaj niska, a jakakolwiek niewielka obniżka zazwyczaj nie oznacza problemu.</p>

<ol>
    <li>Dysfunkcja wątroby.</li>
    <li>Anemia lub hemoliza.</li>
    <li>Niewłaściwa produkcja żółci.</li>
    <li>Niedobory żywieniowe lub problemy z wchłanianiem składników odżywczych.</li>
    <li>Pewne rodzaje nowotworów.</li>
</ol>","```html
<ol>
    <li>Choroba wątroby z wewnątrzwątrobowym lub zewnątrzwątrobowym zastojem żółci (patrz ALP).</li>
    <li>Hemoliza wewnątrznaczyniowa (np. IMHA, anemia z ciałkami Heinza).</li>
    <li>Zastój żółci funkcjonalny w efekcie posocznicy.</li>
    <li>Artefakt (hemoliza lub lipemia).</li>
</ol>
```"
39,Chlorki,"```html
<h4>Zaburzenia gospodarki wodno-elektrolitowej:</h4>
<ul>
    <li>Zwiększone wydalanie chlorków z moczem, np. w wyniku stosowania diuretyków, ketonuria.</li>
    <li>Przewlekłe wymioty lub biegunka, ślinienie się, pasożyty jelitowe.</li>
</ul>

<h4>Zaburzenia metaboliczne:</h4>
<ul>
    <li>Kwasica metaboliczna, w której dochodzi do kompensacyjnej utraty chlorków - kwasica ketonowa, mleczanowa, oddechowa lub zatrucie glikolem etylenowym.</li>
</ul>

<h4>Stany chorobowe:</h4>
<ul>
    <li>Choroby nerek, które mogą zaburzać zdolność organizmu do utrzymania odpowiedniego stężenia chlorków.</li>
    <li>Cukrzyca, zastoinowa niewydolność serca, hiperaldosteronizm, niedoczynność kory nadnerczy.</li>
</ul>

<h4>Artefakt:</h4>
<ul>
    <li>Hiperlipidemia, hiperproteinemia.</li>
</ul>
```","```html
<ol>
    <li>Utrata z ukł. pokarmowego - ostra biegunka, wymioty</li>
    <li>Cukrzyca, choroba nerek, leki moczopędne - diureza osmotyczna</li>
    <li>Utrata wody - gorączka, przegrzanie, zianie, ślinienie</li>
    <li>Nieodpowiedni pobór wody</li>
    <li>Artefakt podczas terapii bromkiem potasu</li>
    <li>Moczówka prosta ośrodkowa lub nefrogenna</li>
    <li>Nadmiar sodu - płynoterapia roztworem hipertonicznym soli, zatrucie solą, hiperaldosteronizm</li>
    <li>Artefakt - odwodnienie próbki</li>
    <li>Przewlekła zasadowica oddechowa</li>
</ol>
```"
28,Cholesterol,"```html
<ol>
    <li>Niedożywienie/nieprawidłowe wchłanianie.</li>
    <li>Choroba wątroby (np. zespolenie, utrata funkcji).</li>
    <li>Nadczynność tarczycy.</li>
    <li>Niewydolność zewnątrzwydzielnicza.</li>
    <li>Cukrzyca.</li>
    <li>Pasożyty jelitowe.</li>
    <li>Przewlekła choroba nerek.</li>
    <li>Niedoczynność kory nadnerczy.</li>
    <li>Niepożądana reakcja na leki.</li>
    <li>Nadczynność kory nadnerczy.</li>
    <li>Choroba zapalna jelit.</li>
    <li>Choroba nowotworowa.</li>
    <li>Limfagiektazja.</li>
</ol>
<p>Należy pamiętać, że niski poziom cholesterolu nie jest sam w sobie problemem, może jedynie wskazywać na obecność jednej z tych chorób. Ważne jest spojrzenie na cały obraz kliniczny i wykonanie niezbędnych badań diagnostycznych.</p>
```","```html
<ol>
    <li>Niedoczynność tarczycy</li>
    <li>Nadczynność kory nadnerczy</li>
    <li>Cukrzyca</li>
    <li>Zapalenie trzustki</li>
    <li>Hiperlipidemia poposiłkowa</li>
    <li>Choroba nerek (np. zespół nerczycowy, nefropatia białkogubna)</li>
    <li>Choroba wątroby</li>
    <li>Otyłość</li>
    <li>Określone leki, takie jak kortykosteroidy</li>
    <li>Zaburzenia genetyczne wpływające na metabolizm lipidów.</li>
    <li>Leki (sterydy, fenobarbital)</li>
</ol>
```"
12,Eozynofile,"```html
<ol>
    <li>Terapia kortykosteroidami: Wysokie poziomy kortyzolu, zarówno z powodu leków, jak i choroby (nadczynność kory nadnerczy) u zwierząt domowych, mogą prowadzić do obniżenia poziomów eozynofilów.</li>
    <li>Stres.</li>
    <li>Infekcje wirusowe: Np. parwowirus u psów lub wirus białaczki kotów (FeLV).</li>
    <li>Ciężkie infekcje bakteryjne, grzybicze lub pasożytnicze.</li>
    <li>Przewlekła choroba nerek.</li>
    <li>Nowotwory: Np. chłoniak, które wpływają na szpik kostny lub układ odpornościowy kotów i psów, mogą powodować spadek poziomu eozynofilów.</li>
    <li>Leki.</li>
    <li>Choroby autoimmunologiczne.</li>
    <li>Choroby endokrynologiczne: np. nadczynność tarczycy, cukrzyca.</li>
    <li>Zespół ogólnoustrojowej odpowiedzi zapalnej (SIRS).</li>
</ol>
```","```html
<ol>
    <li>Alergie (takie jak alergie pokarmowe lub alergie środowiskowe)</li>
    <li>Infekcje pasożytnicze.</li>
    <li>Infekcje skóry (bakteryjne, grzybicze)</li>
    <li>Choroba zapalna jelit</li>
    <li>Astma lub inne choroby układu oddechowego</li>
    <li>Ziarniniak eozynofilowy.</li>
    <li>Eozynofilowe zapalenie żołądka.</li>
    <li>Eozynofilowe zapalenie oskrzeli.</li>
    <li>Niektóre rodzaje nowotworów (takie jak chłoniak lub guzy komórek tucznych)</li>
    <li>Reakcje lub skutki uboczne leków.</li>
</ol>
```"
17,Fosfataza zasadowa (ALP),"```html
<ol>
    <li>Niedożywienie lub głodzenie.</li>
    <li>Niedoczynność tarczycy.</li>
    <li>Niedobór cynku.</li>
    <li>Niedoczynność nadnerczy.</li>
    <li>Choroba lub dysfunkcja wątroby.</li>
    <li>Niektóre choroby genetyczne.</li>
    <li>Zaburzenia wzrostu kości (u szczeniąt i kociąt).</li>
    <li>Pewne leki: np. glikokortykosteroidy.</li>
    <li>Choroba nerek.</li>
    <li>Niewydolność trzustki.</li>
    <li>Choroby układu pokarmowego np. choroba zapalna jelit.</li>
    <li>Ciężkie zespoły złego wchłaniania lub trawienia.</li>
</ol>
```","```html
<ol>
    <li>Choroba wątroby z wewnątrzwątrobowym zastojem żółci.</li>
    <li>Choroby zakaźne (np. leptospiroza, zakaźne zapalenie otrzewnej kotów [FIP], bakteryjne zapalenie dróg żółciowych i wątroby)</li>
    <li>Zapalenie (pierwotne - przewlekłe zapalenie wątroby, zapalenie dróg żółciowych i wątroby, wtórne - np. zapalenie trzustki, zapalenie żołądka i jelit)</li>
    <li>Zatrucie (np. mykotoksyny)</li>
    <li>Anomalie naczyniowe i zespolenie wrotno-oboczne</li>
    <li>Nowotwór (pierwotny lub przerzuty)</li>
    <li>Niedotlenienie lub niedokrwienie wątroby</li>
    <li>Uraz</li>
    <li>Choroby dziedziczne</li>
    <li>Guzkowy przerost wątroby</li>
    <li>Pozawątrobowy zastój żółci (zapalenie trzustki
        Choroby dróg żółciowych (np. mukocele, kamica pęcherzyka żółciowego, zapalenie pęcherzyka żółciowego, rak dróg żółciowych)</li>
    <li>Choroby metaboliczne (nadczynność kory nadnerczy, nadczynność tarczycy, cukrzyca, stłuszczenie wątroby, nadczynność przytarczyc)</li>
    <li>Indukcja przez leki (np. kortykosteroidy, fenobarbital, tyroksyna)</li>
    <li>Zwiększona aktywność osteoblastyczna w kościach (młode zwierzęta (zwiększa się do 3-4 razy w stosunku do dorosłych psów), rak kości (np. kostniakomięsak) lub przerzuty do kości (np. nowotwory sutka, prostaty), gojenie złamania)</li>
</ol>
```"
26,Fosfor,"```html
<ol>
    <li>Niedoczynność przytarczyc</li>
    <li>Przewlekła niewydolność nerek</li>
    <li>Nadczynność tarczycy</li>
    <li>Zaburzenia wchłaniania</li>
    <li>Niedobór witaminy D</li>
    <li>Pewne leki lub toksyny</li>
    <li>Stłuszczenie wątroby</li>
    <li>Anoreksja</li>
    <li>Cukrzyca</li>
</ol>
```","```html
<ol>
    <li>Przewlekła niewydolność nerek</li>
    <li>Nadczynność przytarczyc</li>
    <li>Niedoczynność tarczycy</li>
    <li>Niedoczynność kory nadnerczy</li>
    <li>Ostra niewydolność nerek</li>
    <li>Cukrzyca</li>
    <li>Pewne rodzaje nowotworów (chłoniak, szpiczak mnogi)</li>
    <li>Nadmierne spożycie fosforu w diecie</li>
</ol>
```"
31,Gamma-glutamylotranspeptydaza (GGT),"<ul>
    <li>Choroba wątroby</li>
    <li>Zapalenie trzustki</li>
    <li>Choroba pęcherzyka żółciowego</li>
    <li>Choroba zapalna jelit</li>
    <li>Niedoczynność tarczycy</li>
    <li>Leki hepatotoksyczne</li>
    <li>Nowotwory (takie jak rak wątroby lub trzustki)</li>
    <li>Nadczynność kory nadnerczy</li>
    <li>Choroby zakaźne (takie jak leptospiroza lub wirusowe zapalenie wątroby)</li>
    <li>Anemia hemolityczna</li>
</ul>","```html
<ol>
    <li>Choroba wątroby (patrz podwyższona ALP)</li>
    <li>Zapalenie trzustki</li>
    <li>Choroba pęcherzyka żółciowego</li>
    <li>Nadczynność kory nadnerczy</li>
    <li>Leki hepatotoksyczne</li>
    <li>Otyłość</li>
    <li>Cukrzyca</li>
    <li>Nadczynność tarczycy</li>
    <li>Choroba nerek</li>
    <li>Niektóre infekcje (leptospiroza, wirusowe zapalenie wątroby psów)</li>
    <li>Artefakt</li>
</ol>
```"
24,Globuliny,"```html
<ol>
    <li>Zespół nerczycowy.</li>
    <li>Choroba zapalna jelit (IBD).</li>
    <li>Choroba wątroby.</li>
    <li>Niedożywienie.</li>
    <li>Pasożyty jelitowe.</li>
    <li>Przewlekła utrata krwi.</li>
    <li>Ciężkie oparzenia.</li>
    <li>Nadczynność tarczycy.</li>
    <li>Choroby genetyczne/dziedziczne.</li>
    <li>Niewydolność trzustki.</li>
    <li>Zespoły złego wchłaniania.</li>
    <li>Niektóre choroby szpiku kostnego.</li>
</ol>
```","```html
<ol>
    <li>Choroby zapalne (np. infekcje, choroby autoimmunologiczne)</li>
    <li>Choroby przewlekłe (np. choroba wątroby, choroba nerek)</li>
    <li>Enteropatia białkogubna</li>
    <li>Nowotwory (np. chłoniak, szpiczak mnogi)</li>
    <li>Infekcje pasożytnicze</li>
    <li>Odwodnienie</li>
</ol>
```"
21,Glukoza,"```html
<ol>
    <li>Cukrzyca</li>
    <li>Hipoglikemia w wyniku wysiłku fizycznego</li>
    <li>Niedoczynność kory nadnerczy</li>
    <li>Choroba wątroby</li>
    <li>Zapalenie trzustki</li>
    <li>Insulinoma</li>
    <li>Karłowatość przysadkowa</li>
    <li>Niedożywienie</li>
    <li>Głodzenie lub post</li>
    <li>Posocznica</li>
    <li>Przedawkowanie insuliny</li>
    <li>Późna ciąża</li>
</ol>
```","```html
<ol>
    <li>Cukrzyca,</li>
    <li>Stres (zespół białego fartucha)</li>
    <li>Nadczynność kory nadnerczy</li>
    <li>Zapalenie trzustki,</li>
    <li>Nadczynność lub niedoczynność tarczycy,</li>
    <li>Glukagonoma, inne nowotwory</li>
    <li>Akromegalia</li>
    <li>Leki (sterydy, ketamina, octan megestrolu)</li>
    <li>Po posiłku</li>
</ol>
```"
4,Hematokryt (HCT)/Objętość Krwinek (PCV),"```html
<ol>
    <li>Anemia.</li>
    <li>Krwotok.</li>
    <li>Choroba nerek.</li>
    <li>Choroby szpiku kostnego.</li>
    <li>Niedobór składników odżywczych.</li>
    <li>Autoimmunologiczna anemia hemolityczna (AIHA).</li>
    <li>Infekcje.</li>
    <li>Choroba nowotworowa.</li>
    <li>Choroba przewlekła: Każda długotrwała, wyniszczająca choroba może powodować anemię związaną z chorobą przewlekłą, która często objawia się obniżonym hematokrytem.</li>
    <li>Anemia wywołana lekami: Niektóre leki, takie jak leki chemioterapeutyczne lub niektóre antybiotyki, mogą powodować anemię i obniżony hematokryt.</li>
    <li>Parwowiroza: U psów parwowirus może powodować poważne uszkodzenie jelit, prowadzące do utraty krwi i obniżenia hematokrytu.</li>
    <li>Nadczynność kory nadnerczy.</li>
</ol>
```","```html
<ol>
    <li>Odwodnienie: Z powodu zmniejszenia objętości osocza.</li>
    <li>Czerwienica prawdziwa.</li>
    <li>Policytemia: To termin określający wysoką liczbę czerwonych krwinek. Może być względna, na przykład w przypadku odwodnienia, lub bezwzględna - związana z chorobą nerek.</li>
    <li>Choroba nerek: np. rak, powodujący wydzielanie EPO.</li>
    <li>Choroby serca.</li>
    <li>Przewlekłe niedotlenienie.</li>
    <li>Życie na wysokości.</li>
    <li>Niektóre rodzaje nowotworów.</li>
    <li>Terapia sterydami.</li>
    <li>Nadczynność kory nadnerczy.</li>
    <li>Nowotwory lub dysplazje szpiku kostnego.</li>
</ol>
```"
3,Hemoglobina (Hb),"```html
<ol>
    <li>Anemia (różne typy).</li>
    <li>Krwotok.</li>
    <li>Utrata krwi (wewnętrzna lub zewnętrzna).</li>
    <li>Przewlekła choroba nerek.</li>
    <li>Zaburzenia szpiku kostnego.</li>
    <li>Niedobór żelaza.</li>
    <li>Niedobory żywieniowe.</li>
    <li>Określone typy nowotworów.</li>
    <li>Infekcje (pasożytnicze, lub wirusowe).</li>
    <li>Choroba zapalna.</li>
    <li>Hemoliza (niszczenie czerwonych krwinek).</li>
    <li>Białaczka.</li>
    <li>Zespół mielodysplastyczny.</li>
    <li>Określone leki lub toksyny.</li>
    <li>Choroba wątroby.</li>
    <li>Choroby autoimmunologiczne.</li>
    <li>Genetyczne zaburzenia wpływające na produkcję czerwonych krwinek.</li>
    <li>Narażenie na określone substancje chemiczne lub toksyny.</li>
    <li>Choroba serca wywołana przez Dirofilaria immitis.</li>
    <li>Zaburzenia hormonalne, takie jak niedoczynność tarczycy lub niedoczynność kory nadnerczy.</li>
</ol>
```","```html
<ol>
    <li>Odwodnienie: Odwodnienie może powodować podwyższone poziomy hemoglobiny z powodu hemoaglutynacji, co jest efektem spadku objętości osocza we krwi.</li>
    <li>Czerwienica prawdziwa (poliglobulia).</li>
    <li>Przewlekłe niedotlenienie.</li>
    <li>Choroby serca.</li>
    <li>Choroby płuc.</li>
    <li>Choroba nerek.</li>
    <li>Zaburzenia endokrynologiczne.</li>
    <li>Niektóre rodzaje nowotworów.</li>
</ol>
```"
20,Kreatynina,"```html
<ol>
    <li>Zmniejszona masa mięśniowa.</li>
    <li>Choroba wątroby.</li>
    <li>Niedożywienie.</li>
    <li>Nadczynność tarczycy.</li>
    <li>Przewlekła niewydolność nerek.</li>
    <li>Nowotwory.</li>
    <li>Niedoczynność kory nadnerczy.</li>
    <li>Utrata przestrzeni trzeciej: stany powodujące poważną utratę płynów ciała, takie jak krwotok lub oparzenia.</li>
    <li>Ciąża.</li>
    <li>Poważne zakażenia pasożytnicze.</li>
</ol>
```","<p>Patrz BUN (powyżej) oraz:</p>
<ul>
    <li>Choroba mięśni (uraz lub zapalenie)</li>
    <li>Artefakt</li>
    <li>Dieta oparta na gotowanym mięsie</li>
</ul>"
8,Liczba leukocytów (WBC),"```html
<ol>
    <li>Infekcje wirusowe: parwowirus u psów, wirus białaczki kotów, wirus niedoboru odporności kotów.</li>
    <li>Infekcje bakteryjne: posocznica (sepsa), przewlekłe zakażenia bakteryjne.</li>
    <li>Choroby autoimmunologiczne: zapalenie naczyń, toczeń rumieniowaty układowy.</li>
    <li>Choroby szpiku kostnego: anemia aplastyczna, zespół mielodysplastyczny.</li>
    <li>Określone leki: leki chemioterapeutyczne, leki sulfonamidowe, leki przeciwpadaczkowe.</li>
    <li>Choroby metaboliczne: przewlekła choroba nerek, niewydolność wątroby.</li>
    <li>Ciężkie niedożywienie.</li>
    <li>Narażenie na promieniowanie.</li>
    <li>Przewlekły stres.</li>
    <li>Nowotwory: chłoniak, białaczki.</li>
    <li>Neutropenia tła immunologicznego.</li>
    <li>Zespół paranowotworowy.</li>
    <li>Choroby zakaźne: erlichioza, babeszjoza.</li>
    <li>Określone infekcje grzybicze: histoplazmoza, blastomykoza.</li>
    <li>Choroby przenoszone przez kleszcze: erlichioza u psów, borelioza.</li>
    <li>Choroba trzustki.</li>
    <li>Niedoczynność tarczycy.</li>
    <li>Choroby genetyczne: cykliczna neutropenia u owczarków collie.</li>
    <li>Nadczynność kory nadnerczy.</li>
    <li>Infekcje bakteryjne: bruceloza, leptospiroza.</li>
</ol>
```","```html
<ol>
    <li>Infekcja bakteryjna</li>
    <li>Ogólnoustrojowe zapalenie</li>
    <li>Choroba o podłożu immunologicznym</li>
    <li>Białaczka</li>
    <li>Ciężki stres fizyczny lub emocjonalny</li>
    <li>Uraz</li>
    <li>Uszkodzenie tkanek (np. oparzenia)</li>
    <li>Stosowanie sterydów</li>
    <li>Reakcje alergiczne</li>
    <li>Zakażenia pasożytnicze</li>
    <li>Zakażenia wirusowe</li>
    <li>Zakażenia grzybicze</li>
    <li>Nowotwory</li>
    <li>Krwotok lub ciężka utrata krwi</li>
    <li>Zaburzenia metaboliczne, takie jak choroba nerek lub wątroby</li>
    <li>Choroby zakaźne m.in. choroby przenoszone przez kleszcze, parwowiroza lub zespół niedoboru immunologicznego u kotów (FIV)</li>
    <li>Zapalenie trzustki</li>
    <li>Ropomacicze (u samic zwierząt)</li>
    <li>Ropień lub inne zlokalizowane zakażenie</li>
    <li>Pewne leki lub toksyny</li>
</ol>
```"
14,Liczba płytek krwi i hematokryt płytkowy,"```html
<ol>
    <li>Artefakt (agregaty płytek - szczególnie u kotów, skrzep)</li>
    <li>Małopłytkowość tła immunologicznego (IMT).</li>
    <li>Białaczka.</li>
    <li>Rozsiane wykrzepianie wewnątrznaczyniowe (DIC).</li>
    <li>Choroby zakaźne: np. erlichioza, babeszjoza, wirus białaczki kociej (FeLV), wirus niedoboru odporności u kotów (FIV) lub borelioza.</li>
    <li>Krwotoczne zapalenie żołądka i jelit.</li>
    <li>Leki: np. leki chemioterapeutyczne lub niektóre antybiotyki.</li>
    <li>Choroby szpiku kostnego: np. zespół mielodysplastyczny lub chłoniak.</li>
    <li>Hemofilia.</li>
    <li>Posocznica.</li>
    <li>Nadczynność tarczycy.</li>
    <li>Zespół nerczycowy.</li>
</ol>
```","```html
<ol>
    <li>Odpowiedź zapalna</li>
    <li>Infekcja</li>
    <li>Krwotok</li>
    <li>Splenektomia, zabieg chirurgiczny, uraz</li>
    <li>Choroby szpiku kostnego</li>
    <li>Choroba o podłożu immunologicznym</li>
    <li>Chemioterapia</li>
    <li>Niektóre nowotwory (ostra białaczka megakarioblastyczna, przewlekła białaczka szpikowa, zespół mielodysplastyczny)</li>
    <li>Nadczynność kory nadnerczy, stres, terapia sterydami</li>
    <li>Przewlekłe krwawienie/niedobór żelaza</li>
    <li>Odbicie po anemii (wtórnie do EPO) oraz trombocytopenii</li>
    <li>Reaktywna trombocytoza</li>
    <li>Czerwienica prawdziwa, erytrocytoza pierwotna</li>
    <li>Redystrybucja (wysiłek, wyrzut adrenaliny)</li>
</ol>
```"
10,Limfocyty,"```html
<ol>
    <li>Zakażenia wirusowe: Pewne choroby, takie jak wirus niedoboru immunologicznego kotów (FIV) lub parwowiroza (CPV), powodują zmniejszenie liczby limfocytów u psów i kotów.</li>
    <li>Choroby immunosupresyjne: W tym m.in. wirusowe niedobory immunologiczne u psów lub wirusowe białaczki kotów.</li>
    <li>Przewlekły stres.</li>
    <li>Terapia sterydowa.</li>
    <li>Toczęń układowy.</li>
    <li>Chemioterapia.</li>
    <li>Nadczynność kory nadnerczy.</li>
    <li>Ostre zapalenie lub infekcja.</li>
    <li>Niedożywienie.</li>
    <li>Radioterapia.</li>
    <li>Przewlekła białaczka limfocytowa.</li>
</ol>
```","```html
<ol>
    <li>Chłoniak.</li>
    <li>Choroby zakaźne, takie jak nosówka psów lub białaczka kotów.</li>
    <li>Przewlekłe stany zapalne.</li>
    <li>Reakcje alergiczne lub nadwrażliwość.</li>
    <li>Zakażenia pasożytnicze.</li>
    <li>Choroby układu odpornościowego.</li>
    <li>Stres lub podekscytowanie.</li>
    <li>Określone leki lub szczepienia.</li>
    <li>Choroby szpiku kostnego np. białaczka.</li>
</ol>
```"
30,Lipaza,"```html
<ol>
    <li>Zewnątrzwydzielnicza niewydolność trzustki.</li>
    <li>Przewlekłe zapalenie trzustki.</li>
    <li>Zespoły złego wchłaniania.</li>
    <li>Niedoczynność przysadki mózgowej.</li>
    <li>Zmiany związane z wiekiem.</li>
    <li>Dieta.</li>
    <li>Przewlekła choroba nerek.</li>
    <li>Choroba wątroby.</li>
    <li>Niektóre leki (np. sterydy).</li>
    <li>Zaburzenia genetyczne: np. owczarki niemieckie i szorstkowłose collie.</li>
</ol>
```","```html
<ol>
    <li>Zapalenie trzustki,</li>
    <li>Nowotwór trzustki,</li>
    <li>Niedrożność przewodu trzustkowego,</li>
    <li>Zapalenie wątroby i dróg żółciowych,</li>
    <li>Stłuszczenie wątroby,</li>
    <li>Choroba nerek.</li>
</ol>
```"
